id,survived_pclass_tgt,survived_embarked_tgt,survived_sex_tgt
3,0.6851851851851852,0.3547400611620795,0.7756410256410257
4,0.25833333333333336,0.3547400611620795,0.20069204152249134
7,0.25833333333333336,0.3547400611620795,0.20069204152249134
9,0.44329896907216493,0.5949367088607594,0.7756410256410257
11,0.6851851851851852,0.3547400611620795,0.7756410256410257
13,0.25833333333333336,0.3547400611620795,0.20069204152249134
16,0.25833333333333336,0.41025641025641024,0.20069204152249134
19,0.25833333333333336,0.5949367088607594,0.7756410256410257
23,0.6851851851851852,0.3547400611620795,0.20069204152249134
24,0.25833333333333336,0.3547400611620795,0.7756410256410257
25,0.25833333333333336,0.3547400611620795,0.7756410256410257
26,0.25833333333333336,0.5949367088607594,0.20069204152249134
28,0.25833333333333336,0.41025641025641024,0.7756410256410257
29,0.25833333333333336,0.3547400611620795,0.20069204152249134
32,0.25833333333333336,0.41025641025641024,0.7756410256410257
33,0.44329896907216493,0.3547400611620795,0.20069204152249134
36,0.25833333333333336,0.5949367088607594,0.20069204152249134
41,0.44329896907216493,0.3547400611620795,0.7756410256410257
42,0.25833333333333336,0.5949367088607594,0.20069204152249134
43,0.44329896907216493,0.5949367088607594,0.7756410256410257
44,0.25833333333333336,0.41025641025641024,0.7756410256410257
47,0.25833333333333336,0.41025641025641024,0.7756410256410257
53,0.44329896907216493,0.3547400611620795,0.7756410256410257
56,0.44329896907216493,0.3547400611620795,0.7756410256410257
57,0.25833333333333336,0.5949367088607594,0.20069204152249134
58,0.44329896907216493,0.3547400611620795,0.7756410256410257
59,0.25833333333333336,0.3547400611620795,0.20069204152249134
61,0.6851851851851852,0.3547400611620795,0.7756410256410257
63,0.25833333333333336,0.3547400611620795,0.20069204152249134
67,0.25833333333333336,0.3547400611620795,0.20069204152249134
69,0.25833333333333336,0.3547400611620795,0.20069204152249134
70,0.44329896907216493,0.3547400611620795,0.20069204152249134
72,0.44329896907216493,0.3547400611620795,0.20069204152249134
73,0.25833333333333336,0.5949367088607594,0.20069204152249134
80,0.25833333333333336,0.3547400611620795,0.20069204152249134
82,0.25833333333333336,0.41025641025641024,0.7756410256410257
83,0.6851851851851852,0.3547400611620795,0.20069204152249134
84,0.44329896907216493,0.3547400611620795,0.7756410256410257
86,0.25833333333333336,0.3547400611620795,0.20069204152249134
87,0.25833333333333336,0.3547400611620795,0.20069204152249134
88,0.6851851851851852,0.3547400611620795,0.7756410256410257
91,0.25833333333333336,0.3547400611620795,0.20069204152249134
93,0.25833333333333336,0.3547400611620795,0.20069204152249134
94,0.25833333333333336,0.3547400611620795,0.20069204152249134
95,0.25833333333333336,0.3547400611620795,0.20069204152249134
98,0.44329896907216493,0.3547400611620795,0.7756410256410257
99,0.44329896907216493,0.3547400611620795,0.20069204152249134
106,0.25833333333333336,0.3547400611620795,0.7756410256410257
110,0.6851851851851852,0.3547400611620795,0.20069204152249134
111,0.25833333333333336,0.5949367088607594,0.7756410256410257
112,0.25833333333333336,0.3547400611620795,0.20069204152249134
114,0.25833333333333336,0.5949367088607594,0.7756410256410257
115,0.25833333333333336,0.3547400611620795,0.20069204152249134
117,0.44329896907216493,0.3547400611620795,0.20069204152249134
119,0.25833333333333336,0.3547400611620795,0.7756410256410257
120,0.44329896907216493,0.3547400611620795,0.20069204152249134
121,0.25833333333333336,0.3547400611620795,0.20069204152249134
123,0.44329896907216493,0.3547400611620795,0.7756410256410257
125,0.25833333333333336,0.5949367088607594,0.20069204152249134
126,0.25833333333333336,0.41025641025641024,0.20069204152249134
128,0.25833333333333336,0.5949367088607594,0.7756410256410257
129,0.25833333333333336,0.3547400611620795,0.20069204152249134
130,0.25833333333333336,0.5949367088607594,0.20069204152249134
131,0.25833333333333336,0.3547400611620795,0.20069204152249134
134,0.44329896907216493,0.3547400611620795,0.20069204152249134
135,0.44329896907216493,0.5949367088607594,0.20069204152249134
136,0.6851851851851852,0.3547400611620795,0.7756410256410257
137,0.6851851851851852,0.3547400611620795,0.20069204152249134
138,0.25833333333333336,0.3547400611620795,0.20069204152249134
139,0.6851851851851852,0.5949367088607594,0.20069204152249134
143,0.25833333333333336,0.41025641025641024,0.20069204152249134
146,0.25833333333333336,0.3547400611620795,0.20069204152249134
147,0.25833333333333336,0.3547400611620795,0.7756410256410257
148,0.44329896907216493,0.3547400611620795,0.20069204152249134
149,0.44329896907216493,0.3547400611620795,0.20069204152249134
151,0.6851851851851852,0.3547400611620795,0.7756410256410257
152,0.25833333333333336,0.3547400611620795,0.20069204152249134
153,0.25833333333333336,0.3547400611620795,0.20069204152249134
160,0.25833333333333336,0.3547400611620795,0.20069204152249134
163,0.25833333333333336,0.3547400611620795,0.20069204152249134
164,0.25833333333333336,0.3547400611620795,0.20069204152249134
166,0.6851851851851852,0.3547400611620795,0.7756410256410257
168,0.6851851851851852,0.3547400611620795,0.20069204152249134
169,0.25833333333333336,0.3547400611620795,0.20069204152249134
174,0.6851851851851852,0.5949367088607594,0.20069204152249134
176,0.25833333333333336,0.3547400611620795,0.20069204152249134
177,0.6851851851851852,0.5949367088607594,0.7756410256410257
180,0.25833333333333336,0.3547400611620795,0.7756410256410257
182,0.25833333333333336,0.3547400611620795,0.20069204152249134
183,0.44329896907216493,0.3547400611620795,0.20069204152249134
184,0.25833333333333336,0.3547400611620795,0.7756410256410257
186,0.25833333333333336,0.41025641025641024,0.7756410256410257
189,0.25833333333333336,0.3547400611620795,0.20069204152249134
191,0.44329896907216493,0.3547400611620795,0.20069204152249134
192,0.25833333333333336,0.3547400611620795,0.7756410256410257
195,0.6851851851851852,0.5949367088607594,0.7756410256410257
197,0.25833333333333336,0.3547400611620795,0.20069204152249134
199,0.44329896907216493,0.3547400611620795,0.7756410256410257
201,0.25833333333333336,0.3547400611620795,0.20069204152249134
203,0.25833333333333336,0.5949367088607594,0.20069204152249134
207,0.25833333333333336,0.5949367088607594,0.20069204152249134
209,0.6851851851851852,0.5949367088607594,0.20069204152249134
212,0.25833333333333336,0.3547400611620795,0.20069204152249134
213,0.44329896907216493,0.3547400611620795,0.20069204152249134
216,0.25833333333333336,0.3547400611620795,0.7756410256410257
217,0.44329896907216493,0.3547400611620795,0.20069204152249134
219,0.44329896907216493,0.3547400611620795,0.20069204152249134
221,0.44329896907216493,0.3547400611620795,0.20069204152249134
224,0.6851851851851852,0.3547400611620795,0.20069204152249134
225,0.25833333333333336,0.3547400611620795,0.20069204152249134
226,0.44329896907216493,0.3547400611620795,0.20069204152249134
227,0.25833333333333336,0.3547400611620795,0.20069204152249134
228,0.44329896907216493,0.3547400611620795,0.20069204152249134
232,0.44329896907216493,0.3547400611620795,0.20069204152249134
234,0.44329896907216493,0.3547400611620795,0.20069204152249134
237,0.44329896907216493,0.3547400611620795,0.7756410256410257
244,0.25833333333333336,0.5949367088607594,0.20069204152249134
246,0.25833333333333336,0.3547400611620795,0.7756410256410257
248,0.6851851851851852,0.3547400611620795,0.20069204152249134
254,0.25833333333333336,0.3547400611620795,0.7756410256410257
256,0.6851851851851852,0.5949367088607594,0.7756410256410257
257,0.6851851851851852,0.3547400611620795,0.7756410256410257
259,0.44329896907216493,0.3547400611620795,0.7756410256410257
260,0.25833333333333336,0.41025641025641024,0.20069204152249134
265,0.44329896907216493,0.3547400611620795,0.20069204152249134
269,0.6851851851851852,0.3547400611620795,0.7756410256410257
273,0.6851851851851852,0.5949367088607594,0.20069204152249134
274,0.25833333333333336,0.41025641025641024,0.7756410256410257
275,0.6851851851851852,0.3547400611620795,0.7756410256410257
276,0.25833333333333336,0.3547400611620795,0.7756410256410257
277,0.44329896907216493,0.3547400611620795,0.20069204152249134
280,0.25833333333333336,0.41025641025641024,0.20069204152249134
281,0.25833333333333336,0.3547400611620795,0.20069204152249134
282,0.25833333333333336,0.3547400611620795,0.20069204152249134
284,0.6851851851851852,0.3547400611620795,0.20069204152249134
286,0.25833333333333336,0.3547400611620795,0.20069204152249134
287,0.25833333333333336,0.3547400611620795,0.20069204152249134
288,0.44329896907216493,0.3547400611620795,0.20069204152249134
289,0.25833333333333336,0.41025641025641024,0.7756410256410257
290,0.6851851851851852,0.3547400611620795,0.7756410256410257
291,0.6851851851851852,0.5949367088607594,0.7756410256410257
292,0.44329896907216493,0.5949367088607594,0.20069204152249134
295,0.6851851851851852,0.5949367088607594,0.20069204152249134
296,0.25833333333333336,0.5949367088607594,0.20069204152249134
297,0.6851851851851852,0.3547400611620795,0.7756410256410257
300,0.25833333333333336,0.41025641025641024,0.7756410256410257
305,0.6851851851851852,0.3547400611620795,0.20069204152249134
307,0.6851851851851852,0.5949367088607594,0.7756410256410257
314,0.44329896907216493,0.3547400611620795,0.20069204152249134
321,0.25833333333333336,0.3547400611620795,0.20069204152249134
322,0.44329896907216493,0.41025641025641024,0.7756410256410257
323,0.44329896907216493,0.3547400611620795,0.7756410256410257
324,0.25833333333333336,0.3547400611620795,0.20069204152249134
325,0.6851851851851852,0.5949367088607594,0.7756410256410257
326,0.25833333333333336,0.3547400611620795,0.20069204152249134
328,0.25833333333333336,0.3547400611620795,0.7756410256410257
329,0.6851851851851852,0.5949367088607594,0.7756410256410257
330,0.25833333333333336,0.41025641025641024,0.7756410256410257
332,0.6851851851851852,0.3547400611620795,0.20069204152249134
335,0.25833333333333336,0.3547400611620795,0.20069204152249134
336,0.6851851851851852,0.3547400611620795,0.20069204152249134
339,0.6851851851851852,0.3547400611620795,0.20069204152249134
340,0.44329896907216493,0.3547400611620795,0.20069204152249134
341,0.6851851851851852,0.3547400611620795,0.7756410256410257
343,0.44329896907216493,0.3547400611620795,0.20069204152249134
347,0.25833333333333336,0.3547400611620795,0.7756410256410257
348,0.25833333333333336,0.3547400611620795,0.20069204152249134
349,0.25833333333333336,0.3547400611620795,0.20069204152249134
353,0.25833333333333336,0.3547400611620795,0.20069204152249134
355,0.25833333333333336,0.3547400611620795,0.20069204152249134
357,0.44329896907216493,0.3547400611620795,0.7756410256410257
359,0.25833333333333336,0.41025641025641024,0.7756410256410257
360,0.25833333333333336,0.3547400611620795,0.20069204152249134
365,0.25833333333333336,0.3547400611620795,0.20069204152249134
368,0.25833333333333336,0.41025641025641024,0.7756410256410257
369,0.6851851851851852,0.5949367088607594,0.7756410256410257
370,0.6851851851851852,0.5949367088607594,0.20069204152249134
371,0.25833333333333336,0.3547400611620795,0.20069204152249134
373,0.6851851851851852,0.5949367088607594,0.20069204152249134
376,0.25833333333333336,0.3547400611620795,0.7756410256410257
377,0.6851851851851852,0.5949367088607594,0.20069204152249134
381,0.25833333333333336,0.5949367088607594,0.7756410256410257
383,0.6851851851851852,0.3547400611620795,0.7756410256410257
385,0.44329896907216493,0.3547400611620795,0.20069204152249134
387,0.44329896907216493,0.3547400611620795,0.7756410256410257
388,0.25833333333333336,0.41025641025641024,0.20069204152249134
393,0.6851851851851852,0.5949367088607594,0.7756410256410257
394,0.25833333333333336,0.3547400611620795,0.7756410256410257
396,0.25833333333333336,0.3547400611620795,0.7756410256410257
398,0.44329896907216493,0.3547400611620795,0.20069204152249134
400,0.25833333333333336,0.3547400611620795,0.20069204152249134
404,0.25833333333333336,0.3547400611620795,0.7756410256410257
405,0.44329896907216493,0.3547400611620795,0.20069204152249134
407,0.44329896907216493,0.3547400611620795,0.20069204152249134
410,0.25833333333333336,0.3547400611620795,0.20069204152249134
411,0.25833333333333336,0.41025641025641024,0.20069204152249134
414,0.25833333333333336,0.3547400611620795,0.20069204152249134
415,0.25833333333333336,0.3547400611620795,0.7756410256410257
417,0.44329896907216493,0.3547400611620795,0.7756410256410257
419,0.25833333333333336,0.3547400611620795,0.7756410256410257
421,0.25833333333333336,0.41025641025641024,0.20069204152249134
423,0.25833333333333336,0.3547400611620795,0.7756410256410257
426,0.44329896907216493,0.3547400611620795,0.7756410256410257
427,0.44329896907216493,0.3547400611620795,0.7756410256410257
429,0.25833333333333336,0.3547400611620795,0.20069204152249134
430,0.6851851851851852,0.3547400611620795,0.20069204152249134
431,0.25833333333333336,0.3547400611620795,0.7756410256410257
433,0.25833333333333336,0.3547400611620795,0.20069204152249134
435,0.6851851851851852,0.3547400611620795,0.7756410256410257
437,0.44329896907216493,0.3547400611620795,0.7756410256410257
438,0.6851851851851852,0.3547400611620795,0.20069204152249134
442,0.25833333333333336,0.3547400611620795,0.20069204152249134
444,0.25833333333333336,0.3547400611620795,0.20069204152249134
445,0.6851851851851852,0.3547400611620795,0.20069204152249134
446,0.44329896907216493,0.3547400611620795,0.7756410256410257
448,0.25833333333333336,0.5949367088607594,0.7756410256410257
449,0.6851851851851852,0.3547400611620795,0.20069204152249134
450,0.44329896907216493,0.3547400611620795,0.20069204152249134
454,0.25833333333333336,0.3547400611620795,0.20069204152249134
455,0.25833333333333336,0.5949367088607594,0.20069204152249134
459,0.25833333333333336,0.41025641025641024,0.20069204152249134
461,0.25833333333333336,0.3547400611620795,0.20069204152249134
463,0.44329896907216493,0.3547400611620795,0.20069204152249134
464,0.25833333333333336,0.3547400611620795,0.20069204152249134
466,0.44329896907216493,0.3547400611620795,0.20069204152249134
468,0.25833333333333336,0.41025641025641024,0.20069204152249134
469,0.25833333333333336,0.5949367088607594,0.7756410256410257
470,0.25833333333333336,0.3547400611620795,0.20069204152249134
472,0.44329896907216493,0.3547400611620795,0.7756410256410257
473,0.44329896907216493,0.5949367088607594,0.7756410256410257
478,0.25833333333333336,0.3547400611620795,0.20069204152249134
480,0.25833333333333336,0.3547400611620795,0.20069204152249134
486,0.6851851851851852,0.3547400611620795,0.7756410256410257
488,0.25833333333333336,0.3547400611620795,0.20069204152249134
490,0.25833333333333336,0.3547400611620795,0.20069204152249134
497,0.25833333333333336,0.3547400611620795,0.20069204152249134
498,0.6851851851851852,0.3547400611620795,0.7756410256410257
499,0.25833333333333336,0.3547400611620795,0.20069204152249134
502,0.25833333333333336,0.41025641025641024,0.7756410256410257
504,0.6851851851851852,0.3547400611620795,0.7756410256410257
507,0.6851851851851852,0.3547400611620795,0.20069204152249134
508,0.25833333333333336,0.3547400611620795,0.20069204152249134
509,0.25833333333333336,0.3547400611620795,0.20069204152249134
510,0.25833333333333336,0.41025641025641024,0.20069204152249134
512,0.6851851851851852,0.3547400611620795,0.20069204152249134
514,0.25833333333333336,0.3547400611620795,0.20069204152249134
515,0.6851851851851852,0.3547400611620795,0.20069204152249134
517,0.25833333333333336,0.41025641025641024,0.20069204152249134
525,0.25833333333333336,0.41025641025641024,0.20069204152249134
528,0.25833333333333336,0.3547400611620795,0.20069204152249134
534,0.25833333333333336,0.3547400611620795,0.7756410256410257
536,0.6851851851851852,0.3547400611620795,0.20069204152249134
537,0.6851851851851852,0.5949367088607594,0.7756410256410257
539,0.6851851851851852,0.5949367088607594,0.7756410256410257
540,0.6851851851851852,0.3547400611620795,0.7756410256410257
541,0.25833333333333336,0.3547400611620795,0.7756410256410257
543,0.44329896907216493,0.3547400611620795,0.20069204152249134
544,0.6851851851851852,0.5949367088607594,0.20069204152249134
546,0.44329896907216493,0.3547400611620795,0.7756410256410257
547,0.44329896907216493,0.5949367088607594,0.20069204152249134
548,0.25833333333333336,0.3547400611620795,0.20069204152249134
550,0.6851851851851852,0.5949367088607594,0.20069204152249134
551,0.44329896907216493,0.3547400611620795,0.20069204152249134
552,0.25833333333333336,0.41025641025641024,0.20069204152249134
554,0.25833333333333336,0.3547400611620795,0.7756410256410257
555,0.6851851851851852,0.3547400611620795,0.20069204152249134
556,0.6851851851851852,0.5949367088607594,0.7756410256410257
559,0.25833333333333336,0.3547400611620795,0.7756410256410257
560,0.25833333333333336,0.41025641025641024,0.20069204152249134
562,0.44329896907216493,0.3547400611620795,0.20069204152249134
565,0.25833333333333336,0.3547400611620795,0.20069204152249134
568,0.25833333333333336,0.5949367088607594,0.20069204152249134
569,0.25833333333333336,0.3547400611620795,0.20069204152249134
571,0.6851851851851852,0.3547400611620795,0.7756410256410257
574,0.25833333333333336,0.3547400611620795,0.20069204152249134
575,0.25833333333333336,0.3547400611620795,0.20069204152249134
576,0.44329896907216493,0.3547400611620795,0.7756410256410257
577,0.6851851851851852,0.3547400611620795,0.7756410256410257
579,0.25833333333333336,0.3547400611620795,0.20069204152249134
581,0.6851851851851852,0.5949367088607594,0.7756410256410257
582,0.44329896907216493,0.3547400611620795,0.20069204152249134
584,0.25833333333333336,0.5949367088607594,0.20069204152249134
586,0.44329896907216493,0.3547400611620795,0.20069204152249134
589,0.25833333333333336,0.3547400611620795,0.20069204152249134
590,0.25833333333333336,0.3547400611620795,0.20069204152249134
591,0.6851851851851852,0.5949367088607594,0.7756410256410257
593,0.25833333333333336,0.41025641025641024,0.7756410256410257
594,0.44329896907216493,0.3547400611620795,0.20069204152249134
595,0.25833333333333336,0.3547400611620795,0.20069204152249134
598,0.25833333333333336,0.5949367088607594,0.20069204152249134
599,0.6851851851851852,0.5949367088607594,0.20069204152249134
600,0.44329896907216493,0.3547400611620795,0.7756410256410257
601,0.25833333333333336,0.3547400611620795,0.20069204152249134
602,0.6851851851851852,0.3547400611620795,0.20069204152249134
604,0.6851851851851852,0.5949367088607594,0.20069204152249134
605,0.25833333333333336,0.3547400611620795,0.20069204152249134
606,0.25833333333333336,0.3547400611620795,0.20069204152249134
607,0.6851851851851852,0.3547400611620795,0.20069204152249134
608,0.44329896907216493,0.5949367088607594,0.7756410256410257
610,0.25833333333333336,0.3547400611620795,0.7756410256410257
611,0.25833333333333336,0.3547400611620795,0.20069204152249134
613,0.25833333333333336,0.41025641025641024,0.20069204152249134
616,0.25833333333333336,0.3547400611620795,0.20069204152249134
617,0.25833333333333336,0.3547400611620795,0.7756410256410257
621,0.6851851851851852,0.3547400611620795,0.20069204152249134
622,0.25833333333333336,0.5949367088607594,0.20069204152249134
623,0.25833333333333336,0.3547400611620795,0.20069204152249134
624,0.25833333333333336,0.3547400611620795,0.20069204152249134
628,0.25833333333333336,0.3547400611620795,0.20069204152249134
629,0.25833333333333336,0.41025641025641024,0.20069204152249134
630,0.6851851851851852,0.3547400611620795,0.20069204152249134
633,0.6851851851851852,0.3547400611620795,0.20069204152249134
636,0.25833333333333336,0.3547400611620795,0.20069204152249134
637,0.44329896907216493,0.3547400611620795,0.20069204152249134
639,0.25833333333333336,0.3547400611620795,0.20069204152249134
640,0.25833333333333336,0.3547400611620795,0.20069204152249134
641,0.6851851851851852,0.5949367088607594,0.7756410256410257
645,0.6851851851851852,0.5949367088607594,0.20069204152249134
649,0.25833333333333336,0.3547400611620795,0.7756410256410257
651,0.44329896907216493,0.3547400611620795,0.7756410256410257
659,0.6851851851851852,0.5949367088607594,0.20069204152249134
660,0.6851851851851852,0.3547400611620795,0.20069204152249134
661,0.25833333333333336,0.5949367088607594,0.20069204152249134
662,0.6851851851851852,0.3547400611620795,0.20069204152249134
663,0.25833333333333336,0.3547400611620795,0.20069204152249134
664,0.25833333333333336,0.3547400611620795,0.20069204152249134
665,0.44329896907216493,0.3547400611620795,0.20069204152249134
667,0.25833333333333336,0.3547400611620795,0.20069204152249134
668,0.25833333333333336,0.3547400611620795,0.20069204152249134
670,0.44329896907216493,0.3547400611620795,0.7756410256410257
673,0.44329896907216493,0.3547400611620795,0.20069204152249134
675,0.25833333333333336,0.3547400611620795,0.20069204152249134
677,0.25833333333333336,0.3547400611620795,0.7756410256410257
679,0.6851851851851852,0.5949367088607594,0.20069204152249134
682,0.25833333333333336,0.3547400611620795,0.20069204152249134
684,0.44329896907216493,0.3547400611620795,0.20069204152249134
685,0.44329896907216493,0.5949367088607594,0.20069204152249134
687,0.25833333333333336,0.3547400611620795,0.20069204152249134
689,0.6851851851851852,0.3547400611620795,0.7756410256410257
690,0.6851851851851852,0.3547400611620795,0.20069204152249134
691,0.25833333333333336,0.5949367088607594,0.7756410256410257
692,0.25833333333333336,0.3547400611620795,0.20069204152249134
696,0.25833333333333336,0.3547400611620795,0.20069204152249134
697,0.25833333333333336,0.41025641025641024,0.7756410256410257
699,0.25833333333333336,0.3547400611620795,0.20069204152249134
702,0.25833333333333336,0.5949367088607594,0.7756410256410257
703,0.25833333333333336,0.41025641025641024,0.20069204152249134
705,0.44329896907216493,0.3547400611620795,0.20069204152249134
707,0.6851851851851852,0.3547400611620795,0.20069204152249134
709,0.25833333333333336,0.5949367088607594,0.20069204152249134
711,0.6851851851851852,0.3547400611620795,0.20069204152249134
714,0.44329896907216493,0.3547400611620795,0.20069204152249134
716,0.6851851851851852,0.5949367088607594,0.7756410256410257
717,0.44329896907216493,0.3547400611620795,0.7756410256410257
719,0.25833333333333336,0.3547400611620795,0.20069204152249134
721,0.25833333333333336,0.3547400611620795,0.20069204152249134
723,0.44329896907216493,0.3547400611620795,0.20069204152249134
729,0.25833333333333336,0.3547400611620795,0.7756410256410257
730,0.6851851851851852,0.3547400611620795,0.7756410256410257
732,0.44329896907216493,0.3547400611620795,0.20069204152249134
733,0.44329896907216493,0.3547400611620795,0.20069204152249134
734,0.44329896907216493,0.3547400611620795,0.20069204152249134
736,0.25833333333333336,0.3547400611620795,0.7756410256410257
737,0.6851851851851852,0.5949367088607594,0.20069204152249134
739,0.25833333333333336,0.3547400611620795,0.20069204152249134
741,0.6851851851851852,0.3547400611620795,0.20069204152249134
743,0.25833333333333336,0.3547400611620795,0.20069204152249134
745,0.6851851851851852,0.3547400611620795,0.20069204152249134
746,0.25833333333333336,0.3547400611620795,0.20069204152249134
747,0.44329896907216493,0.3547400611620795,0.7756410256410257
748,0.6851851851851852,0.3547400611620795,0.20069204152249134
749,0.25833333333333336,0.41025641025641024,0.20069204152249134
751,0.25833333333333336,0.3547400611620795,0.20069204152249134
754,0.44329896907216493,0.3547400611620795,0.7756410256410257
755,0.44329896907216493,0.3547400611620795,0.20069204152249134
756,0.25833333333333336,0.3547400611620795,0.20069204152249134
757,0.44329896907216493,0.3547400611620795,0.20069204152249134
758,0.25833333333333336,0.3547400611620795,0.20069204152249134
759,0.6851851851851852,0.3547400611620795,0.7756410256410257
763,0.6851851851851852,0.3547400611620795,0.7756410256410257
765,0.6851851851851852,0.3547400611620795,0.7756410256410257
767,0.25833333333333336,0.41025641025641024,0.7756410256410257
770,0.25833333333333336,0.3547400611620795,0.20069204152249134
772,0.44329896907216493,0.3547400611620795,0.7756410256410257
773,0.25833333333333336,0.5949367088607594,0.20069204152249134
774,0.44329896907216493,0.3547400611620795,0.7756410256410257
775,0.25833333333333336,0.3547400611620795,0.20069204152249134
776,0.25833333333333336,0.41025641025641024,0.20069204152249134
777,0.25833333333333336,0.3547400611620795,0.7756410256410257
779,0.6851851851851852,0.3547400611620795,0.7756410256410257
781,0.6851851851851852,0.3547400611620795,0.7756410256410257
783,0.25833333333333336,0.3547400611620795,0.20069204152249134
789,0.6851851851851852,0.5949367088607594,0.20069204152249134
790,0.25833333333333336,0.41025641025641024,0.20069204152249134
791,0.44329896907216493,0.3547400611620795,0.20069204152249134
792,0.25833333333333336,0.3547400611620795,0.7756410256410257
793,0.6851851851851852,0.5949367088607594,0.20069204152249134
794,0.25833333333333336,0.3547400611620795,0.20069204152249134
795,0.44329896907216493,0.3547400611620795,0.20069204152249134
797,0.25833333333333336,0.3547400611620795,0.7756410256410257
798,0.25833333333333336,0.5949367088607594,0.20069204152249134
801,0.44329896907216493,0.3547400611620795,0.7756410256410257
802,0.6851851851851852,0.3547400611620795,0.20069204152249134
804,0.25833333333333336,0.3547400611620795,0.20069204152249134
805,0.25833333333333336,0.3547400611620795,0.20069204152249134
809,0.6851851851851852,0.3547400611620795,0.7756410256410257
812,0.44329896907216493,0.3547400611620795,0.20069204152249134
814,0.25833333333333336,0.3547400611620795,0.20069204152249134
821,0.25833333333333336,0.3547400611620795,0.20069204152249134
824,0.25833333333333336,0.3547400611620795,0.20069204152249134
826,0.25833333333333336,0.3547400611620795,0.20069204152249134
828,0.25833333333333336,0.41025641025641024,0.20069204152249134
829,0.6851851851851852,0.3547400611620795,0.7756410256410257
830,0.25833333333333336,0.5949367088607594,0.7756410256410257
831,0.44329896907216493,0.3547400611620795,0.20069204152249134
834,0.25833333333333336,0.3547400611620795,0.20069204152249134
835,0.6851851851851852,0.5949367088607594,0.7756410256410257
836,0.25833333333333336,0.3547400611620795,0.20069204152249134
840,0.25833333333333336,0.3547400611620795,0.20069204152249134
842,0.6851851851851852,0.5949367088607594,0.7756410256410257
844,0.25833333333333336,0.3547400611620795,0.20069204152249134
845,0.25833333333333336,0.3547400611620795,0.20069204152249134
846,0.25833333333333336,0.3547400611620795,0.20069204152249134
847,0.25833333333333336,0.5949367088607594,0.20069204152249134
849,0.6851851851851852,0.5949367088607594,0.7756410256410257
850,0.25833333333333336,0.3547400611620795,0.20069204152249134
853,0.6851851851851852,0.3547400611620795,0.7756410256410257
854,0.44329896907216493,0.3547400611620795,0.7756410256410257
855,0.25833333333333336,0.3547400611620795,0.7756410256410257
856,0.6851851851851852,0.3547400611620795,0.7756410256410257
858,0.25833333333333336,0.5949367088607594,0.7756410256410257
860,0.25833333333333336,0.3547400611620795,0.20069204152249134
861,0.44329896907216493,0.3547400611620795,0.20069204152249134
863,0.25833333333333336,0.3547400611620795,0.7756410256410257
865,0.44329896907216493,0.3547400611620795,0.7756410256410257
867,0.6851851851851852,0.3547400611620795,0.20069204152249134
868,0.25833333333333336,0.3547400611620795,0.20069204152249134
869,0.25833333333333336,0.3547400611620795,0.20069204152249134
871,0.6851851851851852,0.3547400611620795,0.7756410256410257
872,0.6851851851851852,0.3547400611620795,0.20069204152249134
873,0.25833333333333336,0.3547400611620795,0.20069204152249134
874,0.44329896907216493,0.5949367088607594,0.7756410256410257
879,0.6851851851851852,0.5949367088607594,0.7756410256410257
884,0.25833333333333336,0.3547400611620795,0.20069204152249134
888,0.25833333333333336,0.3547400611620795,0.7756410256410257
0,0.25833333333333336,0.3547400611620795,0.20069204152249134
1,0.6851851851851852,0.5949367088607594,0.7756410256410257
2,0.25833333333333336,0.3547400611620795,0.7756410256410257
5,0.25833333333333336,0.41025641025641024,0.20069204152249134
6,0.6851851851851852,0.3547400611620795,0.20069204152249134
8,0.25833333333333336,0.3547400611620795,0.7756410256410257
10,0.25833333333333336,0.3547400611620795,0.7756410256410257
12,0.25833333333333336,0.3547400611620795,0.20069204152249134
14,0.25833333333333336,0.3547400611620795,0.7756410256410257
15,0.44329896907216493,0.3547400611620795,0.7756410256410257
17,0.44329896907216493,0.3547400611620795,0.20069204152249134
18,0.25833333333333336,0.3547400611620795,0.7756410256410257
20,0.44329896907216493,0.3547400611620795,0.20069204152249134
21,0.44329896907216493,0.3547400611620795,0.20069204152249134
22,0.25833333333333336,0.41025641025641024,0.7756410256410257
27,0.6851851851851852,0.3547400611620795,0.20069204152249134
30,0.6851851851851852,0.5949367088607594,0.20069204152249134
31,0.6851851851851852,0.5949367088607594,0.7756410256410257
34,0.6851851851851852,0.5949367088607594,0.20069204152249134
35,0.6851851851851852,0.3547400611620795,0.20069204152249134
37,0.25833333333333336,0.3547400611620795,0.20069204152249134
38,0.25833333333333336,0.3547400611620795,0.7756410256410257
39,0.25833333333333336,0.5949367088607594,0.7756410256410257
40,0.25833333333333336,0.3547400611620795,0.7756410256410257
45,0.25833333333333336,0.3547400611620795,0.20069204152249134
46,0.25833333333333336,0.41025641025641024,0.20069204152249134
48,0.25833333333333336,0.5949367088607594,0.20069204152249134
49,0.25833333333333336,0.3547400611620795,0.7756410256410257
50,0.25833333333333336,0.3547400611620795,0.20069204152249134
51,0.25833333333333336,0.3547400611620795,0.20069204152249134
52,0.6851851851851852,0.5949367088607594,0.7756410256410257
54,0.6851851851851852,0.5949367088607594,0.20069204152249134
55,0.6851851851851852,0.3547400611620795,0.20069204152249134
60,0.25833333333333336,0.5949367088607594,0.20069204152249134
62,0.6851851851851852,0.3547400611620795,0.20069204152249134
64,0.6851851851851852,0.5949367088607594,0.20069204152249134
65,0.25833333333333336,0.5949367088607594,0.20069204152249134
66,0.44329896907216493,0.3547400611620795,0.7756410256410257
68,0.25833333333333336,0.3547400611620795,0.7756410256410257
71,0.25833333333333336,0.3547400611620795,0.7756410256410257
74,0.25833333333333336,0.3547400611620795,0.20069204152249134
75,0.25833333333333336,0.3547400611620795,0.20069204152249134
76,0.25833333333333336,0.3547400611620795,0.20069204152249134
77,0.25833333333333336,0.3547400611620795,0.20069204152249134
78,0.44329896907216493,0.3547400611620795,0.20069204152249134
79,0.25833333333333336,0.3547400611620795,0.7756410256410257
81,0.25833333333333336,0.3547400611620795,0.20069204152249134
85,0.25833333333333336,0.3547400611620795,0.7756410256410257
89,0.25833333333333336,0.3547400611620795,0.20069204152249134
90,0.25833333333333336,0.3547400611620795,0.20069204152249134
92,0.6851851851851852,0.3547400611620795,0.20069204152249134
96,0.6851851851851852,0.5949367088607594,0.20069204152249134
97,0.6851851851851852,0.5949367088607594,0.20069204152249134
100,0.25833333333333336,0.3547400611620795,0.7756410256410257
101,0.25833333333333336,0.3547400611620795,0.20069204152249134
102,0.6851851851851852,0.3547400611620795,0.20069204152249134
103,0.25833333333333336,0.3547400611620795,0.20069204152249134
104,0.25833333333333336,0.3547400611620795,0.20069204152249134
105,0.25833333333333336,0.3547400611620795,0.20069204152249134
107,0.25833333333333336,0.3547400611620795,0.20069204152249134
108,0.25833333333333336,0.3547400611620795,0.20069204152249134
109,0.25833333333333336,0.41025641025641024,0.7756410256410257
113,0.25833333333333336,0.3547400611620795,0.7756410256410257
116,0.25833333333333336,0.41025641025641024,0.20069204152249134
118,0.6851851851851852,0.5949367088607594,0.20069204152249134
122,0.44329896907216493,0.5949367088607594,0.20069204152249134
124,0.6851851851851852,0.3547400611620795,0.20069204152249134
127,0.25833333333333336,0.3547400611620795,0.20069204152249134
132,0.25833333333333336,0.3547400611620795,0.7756410256410257
133,0.44329896907216493,0.3547400611620795,0.7756410256410257
140,0.25833333333333336,0.5949367088607594,0.7756410256410257
141,0.25833333333333336,0.3547400611620795,0.7756410256410257
142,0.25833333333333336,0.3547400611620795,0.7756410256410257
144,0.44329896907216493,0.3547400611620795,0.20069204152249134
145,0.44329896907216493,0.3547400611620795,0.20069204152249134
150,0.44329896907216493,0.3547400611620795,0.20069204152249134
154,0.25833333333333336,0.3547400611620795,0.20069204152249134
155,0.6851851851851852,0.5949367088607594,0.20069204152249134
156,0.25833333333333336,0.41025641025641024,0.7756410256410257
157,0.25833333333333336,0.3547400611620795,0.20069204152249134
158,0.25833333333333336,0.3547400611620795,0.20069204152249134
159,0.25833333333333336,0.3547400611620795,0.20069204152249134
161,0.44329896907216493,0.3547400611620795,0.7756410256410257
162,0.25833333333333336,0.3547400611620795,0.20069204152249134
165,0.25833333333333336,0.3547400611620795,0.20069204152249134
167,0.25833333333333336,0.3547400611620795,0.7756410256410257
170,0.6851851851851852,0.3547400611620795,0.20069204152249134
171,0.25833333333333336,0.41025641025641024,0.20069204152249134
172,0.25833333333333336,0.3547400611620795,0.7756410256410257
173,0.25833333333333336,0.3547400611620795,0.20069204152249134
175,0.25833333333333336,0.3547400611620795,0.20069204152249134
178,0.44329896907216493,0.3547400611620795,0.20069204152249134
179,0.25833333333333336,0.3547400611620795,0.20069204152249134
181,0.44329896907216493,0.5949367088607594,0.20069204152249134
185,0.6851851851851852,0.3547400611620795,0.20069204152249134
187,0.6851851851851852,0.3547400611620795,0.20069204152249134
188,0.25833333333333336,0.41025641025641024,0.20069204152249134
190,0.44329896907216493,0.3547400611620795,0.7756410256410257
193,0.44329896907216493,0.3547400611620795,0.20069204152249134
194,0.6851851851851852,0.5949367088607594,0.7756410256410257
196,0.25833333333333336,0.41025641025641024,0.20069204152249134
198,0.25833333333333336,0.41025641025641024,0.7756410256410257
200,0.25833333333333336,0.3547400611620795,0.20069204152249134
202,0.25833333333333336,0.3547400611620795,0.20069204152249134
204,0.25833333333333336,0.3547400611620795,0.20069204152249134
205,0.25833333333333336,0.3547400611620795,0.7756410256410257
206,0.25833333333333336,0.3547400611620795,0.20069204152249134
208,0.25833333333333336,0.41025641025641024,0.7756410256410257
210,0.25833333333333336,0.3547400611620795,0.20069204152249134
211,0.44329896907216493,0.3547400611620795,0.7756410256410257
214,0.25833333333333336,0.41025641025641024,0.20069204152249134
215,0.6851851851851852,0.5949367088607594,0.7756410256410257
218,0.6851851851851852,0.5949367088607594,0.7756410256410257
220,0.25833333333333336,0.3547400611620795,0.20069204152249134
222,0.25833333333333336,0.3547400611620795,0.20069204152249134
223,0.25833333333333336,0.3547400611620795,0.20069204152249134
229,0.25833333333333336,0.3547400611620795,0.7756410256410257
230,0.6851851851851852,0.3547400611620795,0.7756410256410257
231,0.25833333333333336,0.3547400611620795,0.20069204152249134
233,0.25833333333333336,0.3547400611620795,0.7756410256410257
235,0.25833333333333336,0.3547400611620795,0.7756410256410257
236,0.44329896907216493,0.3547400611620795,0.20069204152249134
238,0.44329896907216493,0.3547400611620795,0.20069204152249134
239,0.44329896907216493,0.3547400611620795,0.20069204152249134
240,0.25833333333333336,0.5949367088607594,0.7756410256410257
241,0.25833333333333336,0.41025641025641024,0.7756410256410257
242,0.44329896907216493,0.3547400611620795,0.20069204152249134
243,0.25833333333333336,0.3547400611620795,0.20069204152249134
245,0.6851851851851852,0.41025641025641024,0.20069204152249134
247,0.44329896907216493,0.3547400611620795,0.7756410256410257
249,0.44329896907216493,0.3547400611620795,0.20069204152249134
250,0.25833333333333336,0.3547400611620795,0.20069204152249134
251,0.25833333333333336,0.3547400611620795,0.7756410256410257
252,0.6851851851851852,0.3547400611620795,0.20069204152249134
253,0.25833333333333336,0.3547400611620795,0.20069204152249134
255,0.25833333333333336,0.5949367088607594,0.7756410256410257
258,0.6851851851851852,0.5949367088607594,0.7756410256410257
261,0.25833333333333336,0.3547400611620795,0.20069204152249134
262,0.6851851851851852,0.3547400611620795,0.20069204152249134
263,0.6851851851851852,0.3547400611620795,0.20069204152249134
264,0.25833333333333336,0.41025641025641024,0.7756410256410257
266,0.25833333333333336,0.3547400611620795,0.20069204152249134
267,0.25833333333333336,0.3547400611620795,0.20069204152249134
268,0.6851851851851852,0.3547400611620795,0.7756410256410257
270,0.6851851851851852,0.3547400611620795,0.20069204152249134
271,0.25833333333333336,0.3547400611620795,0.20069204152249134
272,0.44329896907216493,0.3547400611620795,0.7756410256410257
278,0.25833333333333336,0.41025641025641024,0.20069204152249134
279,0.25833333333333336,0.3547400611620795,0.7756410256410257
283,0.25833333333333336,0.3547400611620795,0.20069204152249134
285,0.25833333333333336,0.5949367088607594,0.20069204152249134
293,0.25833333333333336,0.3547400611620795,0.7756410256410257
294,0.25833333333333336,0.3547400611620795,0.20069204152249134
298,0.6851851851851852,0.3547400611620795,0.20069204152249134
299,0.6851851851851852,0.5949367088607594,0.7756410256410257
301,0.25833333333333336,0.41025641025641024,0.20069204152249134
302,0.25833333333333336,0.3547400611620795,0.20069204152249134
303,0.44329896907216493,0.41025641025641024,0.7756410256410257
304,0.25833333333333336,0.3547400611620795,0.20069204152249134
306,0.6851851851851852,0.5949367088607594,0.7756410256410257
308,0.44329896907216493,0.5949367088607594,0.20069204152249134
309,0.6851851851851852,0.5949367088607594,0.7756410256410257
310,0.6851851851851852,0.5949367088607594,0.7756410256410257
311,0.6851851851851852,0.5949367088607594,0.7756410256410257
312,0.44329896907216493,0.3547400611620795,0.7756410256410257
313,0.25833333333333336,0.3547400611620795,0.20069204152249134
315,0.25833333333333336,0.3547400611620795,0.7756410256410257
316,0.44329896907216493,0.3547400611620795,0.7756410256410257
317,0.44329896907216493,0.3547400611620795,0.20069204152249134
318,0.6851851851851852,0.3547400611620795,0.7756410256410257
319,0.6851851851851852,0.5949367088607594,0.7756410256410257
320,0.25833333333333336,0.3547400611620795,0.20069204152249134
327,0.44329896907216493,0.3547400611620795,0.7756410256410257
331,0.6851851851851852,0.3547400611620795,0.20069204152249134
333,0.25833333333333336,0.3547400611620795,0.20069204152249134
334,0.6851851851851852,0.3547400611620795,0.7756410256410257
337,0.6851851851851852,0.5949367088607594,0.7756410256410257
338,0.25833333333333336,0.3547400611620795,0.20069204152249134
342,0.44329896907216493,0.3547400611620795,0.20069204152249134
344,0.44329896907216493,0.3547400611620795,0.20069204152249134
345,0.44329896907216493,0.3547400611620795,0.7756410256410257
346,0.44329896907216493,0.3547400611620795,0.7756410256410257
350,0.25833333333333336,0.3547400611620795,0.20069204152249134
351,0.6851851851851852,0.3547400611620795,0.20069204152249134
352,0.25833333333333336,0.5949367088607594,0.20069204152249134
354,0.25833333333333336,0.5949367088607594,0.20069204152249134
356,0.6851851851851852,0.3547400611620795,0.7756410256410257
358,0.25833333333333336,0.41025641025641024,0.7756410256410257
361,0.44329896907216493,0.5949367088607594,0.20069204152249134
362,0.25833333333333336,0.5949367088607594,0.7756410256410257
363,0.25833333333333336,0.3547400611620795,0.20069204152249134
364,0.25833333333333336,0.41025641025641024,0.20069204152249134
366,0.6851851851851852,0.5949367088607594,0.7756410256410257
367,0.25833333333333336,0.5949367088607594,0.7756410256410257
372,0.25833333333333336,0.3547400611620795,0.20069204152249134
374,0.25833333333333336,0.3547400611620795,0.7756410256410257
375,0.6851851851851852,0.5949367088607594,0.7756410256410257
378,0.25833333333333336,0.5949367088607594,0.20069204152249134
379,0.25833333333333336,0.3547400611620795,0.20069204152249134
380,0.6851851851851852,0.5949367088607594,0.7756410256410257
382,0.25833333333333336,0.3547400611620795,0.20069204152249134
384,0.25833333333333336,0.3547400611620795,0.20069204152249134
386,0.25833333333333336,0.3547400611620795,0.20069204152249134
389,0.44329896907216493,0.5949367088607594,0.7756410256410257
390,0.6851851851851852,0.3547400611620795,0.20069204152249134
391,0.25833333333333336,0.3547400611620795,0.20069204152249134
392,0.25833333333333336,0.3547400611620795,0.20069204152249134
395,0.25833333333333336,0.3547400611620795,0.20069204152249134
397,0.44329896907216493,0.3547400611620795,0.20069204152249134
399,0.44329896907216493,0.3547400611620795,0.7756410256410257
401,0.25833333333333336,0.3547400611620795,0.20069204152249134
402,0.25833333333333336,0.3547400611620795,0.7756410256410257
403,0.25833333333333336,0.3547400611620795,0.20069204152249134
406,0.25833333333333336,0.3547400611620795,0.20069204152249134
408,0.25833333333333336,0.3547400611620795,0.20069204152249134
409,0.25833333333333336,0.3547400611620795,0.7756410256410257
412,0.6851851851851852,0.41025641025641024,0.7756410256410257
413,0.44329896907216493,0.3547400611620795,0.20069204152249134
416,0.44329896907216493,0.3547400611620795,0.7756410256410257
418,0.44329896907216493,0.3547400611620795,0.20069204152249134
420,0.25833333333333336,0.5949367088607594,0.20069204152249134
422,0.25833333333333336,0.3547400611620795,0.20069204152249134
424,0.25833333333333336,0.3547400611620795,0.20069204152249134
425,0.25833333333333336,0.3547400611620795,0.20069204152249134
428,0.25833333333333336,0.41025641025641024,0.20069204152249134
432,0.44329896907216493,0.3547400611620795,0.7756410256410257
434,0.6851851851851852,0.3547400611620795,0.20069204152249134
436,0.25833333333333336,0.3547400611620795,0.7756410256410257
439,0.44329896907216493,0.3547400611620795,0.20069204152249134
440,0.44329896907216493,0.3547400611620795,0.7756410256410257
441,0.25833333333333336,0.3547400611620795,0.20069204152249134
443,0.44329896907216493,0.3547400611620795,0.7756410256410257
447,0.6851851851851852,0.3547400611620795,0.20069204152249134
451,0.25833333333333336,0.3547400611620795,0.20069204152249134
452,0.6851851851851852,0.5949367088607594,0.20069204152249134
453,0.6851851851851852,0.5949367088607594,0.20069204152249134
456,0.6851851851851852,0.3547400611620795,0.20069204152249134
457,0.6851851851851852,0.3547400611620795,0.7756410256410257
458,0.44329896907216493,0.3547400611620795,0.7756410256410257
460,0.6851851851851852,0.3547400611620795,0.20069204152249134
462,0.6851851851851852,0.3547400611620795,0.20069204152249134
465,0.25833333333333336,0.3547400611620795,0.20069204152249134
467,0.6851851851851852,0.3547400611620795,0.20069204152249134
471,0.25833333333333336,0.3547400611620795,0.20069204152249134
474,0.25833333333333336,0.3547400611620795,0.7756410256410257
475,0.6851851851851852,0.3547400611620795,0.20069204152249134
476,0.44329896907216493,0.3547400611620795,0.20069204152249134
477,0.25833333333333336,0.3547400611620795,0.20069204152249134
479,0.25833333333333336,0.3547400611620795,0.7756410256410257
481,0.44329896907216493,0.3547400611620795,0.20069204152249134
482,0.25833333333333336,0.3547400611620795,0.20069204152249134
483,0.25833333333333336,0.3547400611620795,0.7756410256410257
484,0.6851851851851852,0.5949367088607594,0.20069204152249134
485,0.25833333333333336,0.3547400611620795,0.7756410256410257
487,0.6851851851851852,0.5949367088607594,0.20069204152249134
489,0.25833333333333336,0.3547400611620795,0.20069204152249134
491,0.25833333333333336,0.3547400611620795,0.20069204152249134
492,0.6851851851851852,0.3547400611620795,0.20069204152249134
493,0.6851851851851852,0.5949367088607594,0.20069204152249134
494,0.25833333333333336,0.3547400611620795,0.20069204152249134
495,0.25833333333333336,0.5949367088607594,0.20069204152249134
496,0.6851851851851852,0.5949367088607594,0.7756410256410257
500,0.25833333333333336,0.3547400611620795,0.20069204152249134
501,0.25833333333333336,0.41025641025641024,0.7756410256410257
503,0.25833333333333336,0.3547400611620795,0.7756410256410257
505,0.6851851851851852,0.5949367088607594,0.20069204152249134
506,0.44329896907216493,0.3547400611620795,0.7756410256410257
511,0.25833333333333336,0.3547400611620795,0.20069204152249134
513,0.6851851851851852,0.5949367088607594,0.7756410256410257
516,0.44329896907216493,0.3547400611620795,0.7756410256410257
518,0.44329896907216493,0.3547400611620795,0.7756410256410257
519,0.25833333333333336,0.3547400611620795,0.20069204152249134
520,0.6851851851851852,0.3547400611620795,0.7756410256410257
521,0.25833333333333336,0.3547400611620795,0.20069204152249134
522,0.25833333333333336,0.5949367088607594,0.20069204152249134
523,0.6851851851851852,0.5949367088607594,0.7756410256410257
524,0.25833333333333336,0.5949367088607594,0.20069204152249134
526,0.44329896907216493,0.3547400611620795,0.7756410256410257
527,0.6851851851851852,0.3547400611620795,0.20069204152249134
529,0.44329896907216493,0.3547400611620795,0.20069204152249134
530,0.44329896907216493,0.3547400611620795,0.7756410256410257
531,0.25833333333333336,0.5949367088607594,0.20069204152249134
532,0.25833333333333336,0.5949367088607594,0.20069204152249134
533,0.25833333333333336,0.5949367088607594,0.7756410256410257
535,0.44329896907216493,0.3547400611620795,0.7756410256410257
538,0.25833333333333336,0.3547400611620795,0.20069204152249134
542,0.25833333333333336,0.3547400611620795,0.7756410256410257
545,0.6851851851851852,0.3547400611620795,0.20069204152249134
549,0.44329896907216493,0.3547400611620795,0.20069204152249134
553,0.25833333333333336,0.5949367088607594,0.20069204152249134
557,0.6851851851851852,0.5949367088607594,0.20069204152249134
558,0.6851851851851852,0.3547400611620795,0.7756410256410257
561,0.25833333333333336,0.3547400611620795,0.20069204152249134
563,0.25833333333333336,0.3547400611620795,0.20069204152249134
564,0.25833333333333336,0.3547400611620795,0.7756410256410257
566,0.25833333333333336,0.3547400611620795,0.20069204152249134
567,0.25833333333333336,0.3547400611620795,0.7756410256410257
570,0.44329896907216493,0.3547400611620795,0.20069204152249134
572,0.6851851851851852,0.3547400611620795,0.20069204152249134
573,0.25833333333333336,0.41025641025641024,0.7756410256410257
578,0.25833333333333336,0.5949367088607594,0.7756410256410257
580,0.44329896907216493,0.3547400611620795,0.7756410256410257
583,0.6851851851851852,0.5949367088607594,0.20069204152249134
585,0.6851851851851852,0.3547400611620795,0.7756410256410257
587,0.6851851851851852,0.5949367088607594,0.20069204152249134
588,0.25833333333333336,0.3547400611620795,0.20069204152249134
592,0.25833333333333336,0.3547400611620795,0.20069204152249134
596,0.44329896907216493,0.3547400611620795,0.7756410256410257
597,0.25833333333333336,0.3547400611620795,0.20069204152249134
603,0.25833333333333336,0.3547400611620795,0.20069204152249134
609,0.6851851851851852,0.3547400611620795,0.7756410256410257
612,0.25833333333333336,0.41025641025641024,0.7756410256410257
614,0.25833333333333336,0.3547400611620795,0.20069204152249134
615,0.44329896907216493,0.3547400611620795,0.7756410256410257
618,0.44329896907216493,0.3547400611620795,0.7756410256410257
619,0.44329896907216493,0.3547400611620795,0.20069204152249134
620,0.25833333333333336,0.5949367088607594,0.20069204152249134
625,0.6851851851851852,0.3547400611620795,0.20069204152249134
626,0.44329896907216493,0.41025641025641024,0.20069204152249134
627,0.6851851851851852,0.3547400611620795,0.7756410256410257
631,0.25833333333333336,0.3547400611620795,0.20069204152249134
632,0.6851851851851852,0.5949367088607594,0.20069204152249134
634,0.25833333333333336,0.3547400611620795,0.7756410256410257
635,0.44329896907216493,0.3547400611620795,0.7756410256410257
638,0.25833333333333336,0.3547400611620795,0.7756410256410257
642,0.25833333333333336,0.3547400611620795,0.7756410256410257
643,0.25833333333333336,0.3547400611620795,0.20069204152249134
644,0.25833333333333336,0.5949367088607594,0.7756410256410257
646,0.25833333333333336,0.3547400611620795,0.20069204152249134
647,0.6851851851851852,0.5949367088607594,0.20069204152249134
648,0.25833333333333336,0.3547400611620795,0.20069204152249134
650,0.25833333333333336,0.3547400611620795,0.20069204152249134
652,0.25833333333333336,0.3547400611620795,0.20069204152249134
653,0.25833333333333336,0.41025641025641024,0.7756410256410257
654,0.25833333333333336,0.41025641025641024,0.7756410256410257
655,0.44329896907216493,0.3547400611620795,0.20069204152249134
656,0.25833333333333336,0.3547400611620795,0.20069204152249134
657,0.25833333333333336,0.41025641025641024,0.7756410256410257
658,0.44329896907216493,0.3547400611620795,0.20069204152249134
666,0.44329896907216493,0.3547400611620795,0.20069204152249134
669,0.6851851851851852,0.3547400611620795,0.7756410256410257
671,0.6851851851851852,0.3547400611620795,0.20069204152249134
672,0.44329896907216493,0.3547400611620795,0.20069204152249134
674,0.44329896907216493,0.3547400611620795,0.20069204152249134
676,0.25833333333333336,0.3547400611620795,0.20069204152249134
678,0.25833333333333336,0.3547400611620795,0.7756410256410257
680,0.25833333333333336,0.41025641025641024,0.7756410256410257
681,0.6851851851851852,0.5949367088607594,0.20069204152249134
683,0.25833333333333336,0.3547400611620795,0.20069204152249134
686,0.25833333333333336,0.3547400611620795,0.20069204152249134
688,0.25833333333333336,0.3547400611620795,0.20069204152249134
693,0.25833333333333336,0.5949367088607594,0.20069204152249134
694,0.6851851851851852,0.3547400611620795,0.20069204152249134
695,0.44329896907216493,0.3547400611620795,0.20069204152249134
698,0.6851851851851852,0.5949367088607594,0.20069204152249134
700,0.6851851851851852,0.5949367088607594,0.7756410256410257
701,0.6851851851851852,0.3547400611620795,0.20069204152249134
704,0.25833333333333336,0.3547400611620795,0.20069204152249134
706,0.44329896907216493,0.3547400611620795,0.7756410256410257
708,0.6851851851851852,0.3547400611620795,0.7756410256410257
710,0.6851851851851852,0.5949367088607594,0.7756410256410257
712,0.6851851851851852,0.3547400611620795,0.20069204152249134
713,0.25833333333333336,0.3547400611620795,0.20069204152249134
715,0.25833333333333336,0.3547400611620795,0.20069204152249134
718,0.25833333333333336,0.41025641025641024,0.20069204152249134
720,0.44329896907216493,0.3547400611620795,0.7756410256410257
722,0.44329896907216493,0.3547400611620795,0.20069204152249134
724,0.6851851851851852,0.3547400611620795,0.20069204152249134
725,0.25833333333333336,0.3547400611620795,0.20069204152249134
726,0.44329896907216493,0.3547400611620795,0.7756410256410257
727,0.25833333333333336,0.41025641025641024,0.7756410256410257
728,0.44329896907216493,0.3547400611620795,0.20069204152249134
731,0.25833333333333336,0.5949367088607594,0.20069204152249134
735,0.25833333333333336,0.3547400611620795,0.20069204152249134
738,0.25833333333333336,0.3547400611620795,0.20069204152249134
740,0.6851851851851852,0.3547400611620795,0.20069204152249134
742,0.6851851851851852,0.5949367088607594,0.7756410256410257
744,0.25833333333333336,0.3547400611620795,0.20069204152249134
750,0.44329896907216493,0.3547400611620795,0.7756410256410257
752,0.25833333333333336,0.3547400611620795,0.20069204152249134
753,0.25833333333333336,0.3547400611620795,0.20069204152249134
760,0.25833333333333336,0.3547400611620795,0.20069204152249134
761,0.25833333333333336,0.3547400611620795,0.20069204152249134
762,0.25833333333333336,0.5949367088607594,0.20069204152249134
764,0.25833333333333336,0.3547400611620795,0.20069204152249134
766,0.6851851851851852,0.5949367088607594,0.20069204152249134
768,0.25833333333333336,0.41025641025641024,0.20069204152249134
769,0.25833333333333336,0.3547400611620795,0.20069204152249134
771,0.25833333333333336,0.3547400611620795,0.20069204152249134
778,0.25833333333333336,0.41025641025641024,0.20069204152249134
780,0.25833333333333336,0.5949367088607594,0.7756410256410257
782,0.6851851851851852,0.3547400611620795,0.20069204152249134
784,0.25833333333333336,0.3547400611620795,0.20069204152249134
785,0.25833333333333336,0.3547400611620795,0.20069204152249134
786,0.25833333333333336,0.3547400611620795,0.7756410256410257
787,0.25833333333333336,0.41025641025641024,0.20069204152249134
788,0.25833333333333336,0.3547400611620795,0.20069204152249134
796,0.6851851851851852,0.3547400611620795,0.7756410256410257
799,0.25833333333333336,0.3547400611620795,0.7756410256410257
800,0.44329896907216493,0.3547400611620795,0.20069204152249134
803,0.25833333333333336,0.5949367088607594,0.20069204152249134
806,0.6851851851851852,0.3547400611620795,0.20069204152249134
807,0.25833333333333336,0.3547400611620795,0.7756410256410257
808,0.44329896907216493,0.3547400611620795,0.20069204152249134
810,0.25833333333333336,0.3547400611620795,0.20069204152249134
811,0.25833333333333336,0.3547400611620795,0.20069204152249134
813,0.25833333333333336,0.3547400611620795,0.7756410256410257
815,0.6851851851851852,0.3547400611620795,0.20069204152249134
816,0.25833333333333336,0.3547400611620795,0.7756410256410257
817,0.44329896907216493,0.5949367088607594,0.20069204152249134
818,0.25833333333333336,0.3547400611620795,0.20069204152249134
819,0.25833333333333336,0.3547400611620795,0.20069204152249134
820,0.6851851851851852,0.3547400611620795,0.7756410256410257
822,0.6851851851851852,0.3547400611620795,0.20069204152249134
823,0.25833333333333336,0.3547400611620795,0.7756410256410257
825,0.25833333333333336,0.41025641025641024,0.20069204152249134
827,0.44329896907216493,0.5949367088607594,0.20069204152249134
832,0.25833333333333336,0.5949367088607594,0.20069204152249134
833,0.25833333333333336,0.3547400611620795,0.20069204152249134
837,0.25833333333333336,0.3547400611620795,0.20069204152249134
838,0.25833333333333336,0.3547400611620795,0.20069204152249134
839,0.6851851851851852,0.5949367088607594,0.20069204152249134
841,0.44329896907216493,0.3547400611620795,0.20069204152249134
843,0.25833333333333336,0.5949367088607594,0.20069204152249134
848,0.44329896907216493,0.3547400611620795,0.20069204152249134
851,0.25833333333333336,0.3547400611620795,0.20069204152249134
852,0.25833333333333336,0.5949367088607594,0.7756410256410257
857,0.6851851851851852,0.3547400611620795,0.20069204152249134
859,0.25833333333333336,0.5949367088607594,0.20069204152249134
862,0.6851851851851852,0.3547400611620795,0.7756410256410257
864,0.44329896907216493,0.3547400611620795,0.20069204152249134
866,0.44329896907216493,0.5949367088607594,0.7756410256410257
870,0.25833333333333336,0.3547400611620795,0.20069204152249134
875,0.25833333333333336,0.5949367088607594,0.7756410256410257
876,0.25833333333333336,0.3547400611620795,0.20069204152249134
877,0.25833333333333336,0.3547400611620795,0.20069204152249134
878,0.25833333333333336,0.3547400611620795,0.20069204152249134
880,0.44329896907216493,0.3547400611620795,0.7756410256410257
881,0.25833333333333336,0.3547400611620795,0.20069204152249134
882,0.25833333333333336,0.3547400611620795,0.7756410256410257
883,0.44329896907216493,0.3547400611620795,0.20069204152249134
885,0.25833333333333336,0.41025641025641024,0.7756410256410257
886,0.44329896907216493,0.3547400611620795,0.20069204152249134
887,0.6851851851851852,0.3547400611620795,0.7756410256410257
889,0.6851851851851852,0.5949367088607594,0.20069204152249134
890,0.25833333333333336,0.41025641025641024,0.20069204152249134
